----------------------
-- POVOAMENTO DO BD --
----------------------

--Federacoes:
INSERT INTO FEDERACAO VALUES ('CBF', 1010); -- Brasil
INSERT INTO FEDERACAO VALUES ('AFA', 0420); -- Argentina
INSERT INTO FEDERACAO VALUES ('FPF', 0001); -- Pernambuco
INSERT INTO FEDERACAO VALUES ('CONMEBOL', 0002); -- America do Sul
INSERT INTO FEDERACAO VALUES ('UEFA', 0003); -- Europa
INSERT INTO FEDERACAO VALUES ('RFEF', 0004); -- Espanha
INSERT INTO FEDERACAO VALUES ('FA', 0005); -- Inglaterra
INSERT INTO FEDERACAO VALUES ('FFF', 1919); -- França
INSERT INTO FEDERACAO VALUES ('DFB', 2121); -- Alemanha
INSERT INTO FEDERACAO VALUES ('FIGC', 1111); -- Italia
INSERT INTO FEDERACAO VALUES ('FIFA', 0000); -- Mundo


--Presidente da Federacao:
INSERT INTO PRESIDENTE_DA_FEDERACAO VALUES ('Ednaldo Rodrigues', 0001, 1010); -- Brasil
INSERT INTO PRESIDENTE_DA_FEDERACAO VALUES ('Claudio "Chiqui" Fabián Tapia', 0002, 0420); -- Argentina
INSERT INTO PRESIDENTE_DA_FEDERACAO VALUES ('Evandro Barros', 0003, 0001); -- Pernambuco
INSERT INTO PRESIDENTE_DA_FEDERACAO VALUES ('Alejandro Domínguez', 0004, 0002); -- America do Sul
INSERT INTO PRESIDENTE_DA_FEDERACAO VALUES ('Aleksander Ceferin', 0005, 0003); -- Europa
INSERT INTO PRESIDENTE_DA_FEDERACAO VALUES ('Luis Rubiales', 0006, 0004); -- Espanha
INSERT INTO PRESIDENTE_DA_FEDERACAO VALUES ('Debbie Hewitt', 0007, 0005); -- Inglaterra
INSERT INTO PRESIDENTE_DA_FEDERACAO VALUES ('Philippe Diallo', 0008, 1919); -- Franca
INSERT INTO PRESIDENTE_DA_FEDERACAO VALUES ('Bernd Neuendorf', 0009, 2121); -- Alemanha
INSERT INTO PRESIDENTE_DA_FEDERACAO VALUES ('Gabriele Gravina', 0010, 1111); -- Italia
INSERT INTO PRESIDENTE_DA_FEDERACAO VALUES ('Gianni Infantino', 0011, 0000); -- Mundo

--Estadio:
INSERT INTO ESTADIO VALUES ('CAMP NOU', 0000, 99355, 'Espanha', 'Barcelona', 09078789, 45);
INSERT INTO ESTADIO VALUES ('ILHA DO RETIRO', 0001, 26418, 'Brasil', 'Recife', 0000000, 10);
INSERT INTO ESTADIO VALUES ('ARRUDA', 0002, 60044, 'Brasil', 'Recife', 87612955, 35);
INSERT INTO ESTADIO VALUES ('AFLITOS', 0003, 22856, 'Brasil', 'Recife', 897239, 09);
INSERT INTO ESTADIO VALUES ('MARACANÃ', 0004, 78838, 'Brasil', 'Rio de Janeiro', 97563255, 72);
INSERT INTO ESTADIO VALUES ('SANTIAGO BERNABEU', 0005, 81044, 'Espanha', 'Madrid', 825335, 83);
INSERT INTO ESTADIO VALUES ('LA BOMBONERA', 0006, 55000, 'Argentina', 'Buenos Aires', 8723478, 94);
INSERT INTO ESTADIO VALUES ('OLD TRAFORD', 0007, 74310, 'Inglaterra', 'Manchester', 78923, 011);
INSERT INTO ESTADIO VALUES ('WEMBLEY', 0008, 90000, 'Inglaterra', 'Londres', 8931245, 101);
INSERT INTO ESTADIO VALUES ('STANFORD BRIDGE', 0009, 40341, 'Inglaterra', 'Londres', 9727865, 345);
INSERT INTO ESTADIO VALUES ('SAN SIRO', 0010, 75817, 'Italia', 'Milão', 385345678, 78);
INSERT INTO ESTADIO VALUES ('ARENA PERNAMBUCO', 0011, 44300, 'Brasil', 'Recife', 72558395, 99);
INSERT INTO ESTADIO VALUES ('ALLIANZ ARENA', 0012, 75024, 'Alemanha', 'Munique', 38573863, 74);
INSERT INTO ESTADIO VALUES ('SIGNAL IDUNA PARK', 0013, 81365, 'Alemanha', 'Dortmund', 3465863, 97);
INSERT INTO ESTADIO VALUES ('PARC DES PRINCES', 0014, 48583, 'França', 'Paris', 876385628, 56);
INSERT INTO ESTADIO VALUES ('BAY ARENA', 0015, 30210, 'Alemanha', 'Leverkusen', 863856195, 35);
INSERT INTO ESTADIO VALUES ('MONUMENTAL', 0016, 84567, 'Argentina', 'Buenos Aires', 78232415, 97);
INSERT INTO ESTADIO VALUES ('MORUMBIS', 0017, 66795, 'Brasil', 'São Paulo', 171365112, 102);
INSERT INTO ESTADIO VALUES ('ALLIANZ PARQUE', 0018, 43713, 'Brasil', 'São Paulo', 11516189, 06);
INSERT INTO ESTADIO VALUES ('NEOQUIMICA ARENA', 0019, 49205, 'Brasil', 'São Paulo', 18121532, 04);
INSERT INTO ESTADIO VALUES ('VILA BELMIRO', 0020, 30108, 'Brasil', 'Santos',718619132, 45);
INSERT INTO ESTADIO VALUES ('SAO JANUARIO', 0021, 21880, 'Brasil', 'Rio de Janeiro', 11418292, 27);
INSERT INTO ESTADIO VALUES ('ARENA MRV', 0022, 46000, 'Brasil', 'Belo Horizonte', 61419352, 49);
INSERT INTO ESTADIO VALUES ('ARENA DO GREMIO', 0023, 55396, 'Brasil', 'Porto Alegre', 81114152, 39);
INSERT INTO ESTADIO VALUES ('BEIRA RIO', 0024, 50842, 'Brasil', 'Porto Alegre', 96114122, 39);
INSERT INTO ESTADIO VALUES ('ARENA FONTE NOVA', 0025, 48902, 'Brasil', 'Salvador', 11251112);
INSERT INTO ESTADIO VALUES ('LEONIDAS CASTRO', 0026, 16200, 'Brasil', 'Belem', 11111112, 87);
INSERT INTO ESTADIO VALUES ('ANFIELD', 0027, 61276, 'Inglaterra', 'Liverpool', 67765675, 06);
INSERT INTO ESTADIO VALUES ('CASTELAO', 0028, 64000, 'Brasil', 'Fortaleza', 6567989024, 39);

--Competicao:
INSERT INTO COMPETICAO VALUES ('Campeonato Pernambucano 2023', 1, 0001);
INSERT INTO COMPETICAO VALUES ('Campeonato Pernambucano 2024', 2, 0001);
INSERT INTO COMPETICAO VALUES ('Champions League 2022', 2, 0003);
INSERT INTO COMPETICAO VALUES ('Champions League 2015', 1, 0003);
INSERT INTO COMPETICAO VALUES ('Europa League 2023', 3, 0003);
INSERT INTO COMPETICAO VALUES ('Campeonato Argentino 2023', 1, 0420);
INSERT INTO COMPETICAO VALUES ('La Liga 2023', 1, 0004);
INSERT INTO COMPETICAO VALUES ('Premier League 2023', 3, 0005);
INSERT INTO COMPETICAO VALUES ('Premier League 2019', 1, 0005);
INSERT INTO COMPETICAO VALUES ('Premier League 2020', 2, 0005);
INSERT INTO COMPETICAO VALUES ('Ligue 1 2022', 1, 1919);
INSERT INTO COMPETICAO VALUES ('Serie A 2024', 1, 1111);
INSERT INTO COMPETICAO VALUES ('Brasileirao 2024',4, 1010);
INSERT INTO COMPETICAO VALUES ('Copa do Brasil 2023', 3, 1010);
INSERT INTO COMPETICAO VALUES ('Brasileirao 2019', 2, 1010);
INSERT INTO COMPETICAO VALUES ('Copa do Nordeste 2014', 1, 1010);
INSERT INTO COMPETICAO VALUES ('Bundesliga 2023', 1, 2121);
INSERT INTO COMPETICAO VALUES ('Libertadores 2024', 2, 0002);
INSERT INTO COMPETICAO VALUES ('Libertadores 2017', 1, 0002);
INSERT INTO COMPETICAO VALUES ('Mundial de Clubes 2022', 1, 0000);

--Clubes:
INSERT INTO CLUBES VALUES ('SPORT CLUB DO RECIFE', 0000, 'Leao da Ilha', 'ILHA DO RETIRO');
INSERT INTO CLUBES VALUES ('SANTA CRUZ', 0001, 'Cobra Coral', 'ARRUDA');
INSERT INTO CLUBES VALUES ('NAUTICO', 0024, 'Timbu', 'AFLITOS');
INSERT INTO CLUBES VALUES ('CHELSEA', 0003, 'Lion', 'STANFORD BRIDGE');
INSERT INTO CLUBES VALUES ('BARCELONA', 0004, 'Cachorro Cobi', 'CAMP NOU');
INSERT INTO CLUBES VALUES ('REAL MADRID', 0005, 'Cachorro Violin', 'SANTIAGO BERNABEU');
INSERT INTO CLUBES VALUES ('MANCHESTER UNITED', 0006, 'Fred The Red Devil', 'OLD TRAFFORD');
INSERT INTO CLUBES VALUES ('MANCHESTER CITY', 0007, 'Moonchester', 'ETIHAD STADIUM');
INSERT INTO CLUBES VALUES ('BAYERN MUNCHEN', 0008, 'Bear Berni', 'ALLIANZ ARENA');
INSERT INTO CLUBES VALUES ('BORUSSIA DORTMUND', 0009, 'Junter Bee', 'SIGNAL IDUNA PARK');
INSERT INTO CLUBES VALUES ('BAYER LEVERKUSEN', 0010, 'Brian The Lion', 'BAY ARENA');
INSERT INTO CLUBES VALUES ('LIVERPOOL', 0011, 'Mighty Red Bird', 'ANFIELD');
INSERT INTO CLUBES VALUES ('MILAN', 0012, 'Milanello Devil', 'SAN SIRO');
INSERT INTO CLUBES VALUES ('ROMA', 0013, 'Romolo Wolf', 'ESTADIO OLIMPICO DE ROMA');
INSERT INTO CLUBES VALUES ('INTER MILAN', 0014, 'Biscione Snake', 'SAN SIRO');
INSERT INTO CLUBES VALUES ('PSG', 0015, 'Gervais Fox', 'PARC DES PRINCES');
INSERT INTO CLUBES VALUES ('LYON', 0016, 'Lyou Lion', 'GROUPAMA STADIUM');
INSERT INTO CLUBES VALUES ('BOCA JUNIORS', 0017, 'Chanxeneize', 'LA BOMBONERA');
INSERT INTO CLUBES VALUES ('RIVER PLATE', 0018, 'Gallo', 'ESTADIO MONUMENTAL');
INSERT INTO CLUBES VALUES ('FLAMENGO', 0019, 'Urubu', 'MARACANA');
INSERT INTO CLUBES VALUES ('PALMEIRAS', 0020, 'Porco', 'ALLIANZ PARQUE');
INSERT INTO CLUBES VALUES ('VASCO DA GAMA', 0021, 'Pedro Alvares Cabral', 'SAO JANUARIO');
INSERT INTO CLUBES VALUES ('ATLETICO MINEIRO', 0022, 'Galo', 'ARENA MRV');
INSERT INTO CLUBES VALUES ('INTERNACIONAL', 0023, 'Saci Perere', 'BEIRA RIO');
INSERT INTO CLUBES VALUES ('GREMIO', 0002, 'Mosqueteiro Tarcisio', 'ARENA DO GREMIO');
INSERT INTO CLUBES VALUES ('VITORIA', 0025, 'Leao da Barra', 'BARRADAO');
INSERT INTO CLUBES VALUES ('BAHIA', 0026, 'Superman', 'ARENA FONTE NOVA');
INSERT INTO CLUBES VALUES ('FORTALEZA', 0027, 'Eh o Lion', 'CASTELAO');
INSERT INTO CLUBES VALUES ('CORINTHIANS', 0028, 'Mosqueteiro', 'NEOQUIMICA ARENA');
INSERT INTO CLUBES VALUES ('SAO PAULO FC', 0042, 'Santo Paulo', 'MORUMBIS');
INSERT INTO CLUBES VALUES ('BOTAFOGO', 0030, 'Cachorro', 'ENGENHAO');
INSERT INTO CLUBES VALUES ('SANTOS', 0031, 'Peixao da Vila', 'VILA BELMIRO');
INSERT INTO CLUBES VALUES ('ARSENAL', 0032, 'Gunnersaurus', 'EMIRATES STADIUM');
INSERT INTO CLUBES VALUES ('JUVENTUS', 0033, 'Vovo', 'JUVENTUS STADIUM')

--Jogo:
INSERT INTO JOGO VALUES (0001 ,'01X03', TO_DATE('06/06/2015','DD/MM/YYYY'), 'FINAL', 1, ,0003, 0004, 0033);
INSERT INTO JOGO VALUES (0002 ,'00X01', TO_TIME('28/05/2022','DD/MM/YYYY')), 'FINAL', 2, ,0003, 0011, 0005);
INSERT INTO JOGO VALUES (0003 ,'01X01 - P(4x1)', TO_TIME('31/05/2023','DD/MM/YYYY')), 'FINAL', 1, ,0003, 0004, 0013);
INSERT INTO JOGO VALUES (0004 ,'01X01', TO_TIME(18:00), 'FINAL', 1, ,0003, 0004, 0033);
INSERT INTO JOGO VALUES (0005 ,'01X03', TO_TIME(18:00), 'FINAL', 1, ,0003, 0004, 0033);
INSERT INTO JOGO VALUES (0006 ,'01X03', TO_TIME(18:00), 'FINAL', 1, ,0003, 0004, 0033);
INSERT INTO JOGO VALUES (0007 ,'01X03', TO_TIME(18:00), 'FINAL', 1, ,0003, 0004, 0033);
INSERT INTO JOGO VALUES (0008 ,'01X03', TO_TIME(18:00), 'FINAL', 1, ,0003, 0004, 0033);
INSERT INTO JOGO VALUES (0009 ,'01X03', TO_TIME(18:00), 'FINAL', 1, ,0003, 0004, 0033);
INSERT INTO JOGO VALUES (0010 ,'01X03', TO_TIME(18:00), 'FINAL', 1, ,0003, 0004, 0033);
INSERT INTO JOGO VALUES (0011 ,'01X03', TO_TIME(18:00), 'FINAL', 1, ,0003, 0004, 0033);
INSERT INTO JOGO VALUES (0012 ,'01X03', TO_TIME(18:00), 'FINAL', 1, ,0003, 0004, 0033);
INSERT INTO JOGO VALUES (0013 ,'01X03', TO_TIME(18:00), 'FINAL', 1, ,0003, 0004, 0033);
INSERT INTO JOGO VALUES (0014 ,'01X03', TO_TIME(18:00), 'FINAL', 1, ,0003, 0004, 0033);
INSERT INTO JOGO VALUES (0015 ,'01X03', TO_TIME(18:00), 'FINAL', 1, ,0003, 0004, 0033);
INSERT INTO JOGO VALUES (0016 ,'01X03', TO_TIME(18:00), 'FINAL', 1, ,0003, 0004, 0033);
INSERT INTO JOGO VALUES (0017 ,'01X03', TO_TIME(18:00), 'FINAL', 1, ,0003, 0004, 0033);
INSERT INTO JOGO VALUES (0018 ,'01X03', TO_TIME(18:00), 'FINAL', 1, ,0003, 0004, 0033);
INSERT INTO JOGO VALUES (0019 ,'01X03', TO_TIME(18:00), 'FINAL', 1, ,0003, 0004, 0033);
INSERT INTO JOGO VALUES (0020 ,'01X03', TO_TIME(18:00), 'FINAL', 1, ,0003, 0004, 0033);
INSERT INTO JOGO VALUES (0021 ,'01X03', TO_TIME(18:00), 'FINAL', 1, ,0003, 0004, 0033);
INSERT INTO JOGO VALUES (0022 ,'01X03', TO_TIME(18:00), 'FINAL', 1, ,0003, 0004, 0033);

--Arbitro:''

INSERT INTO ARBITRO VALUES('WILTON PEREIRA SAMPAIO');
INSERT INTO ARBITRO VALUES('ANDERSON DARONCO');
INSERT INTO ARBITRO VALUES('RAPHAEL CLAUS');
INSERT INTO ARBITRO VALUES('VINCIC S.');
INSERT INTO ARBITRO VALUES('VUADEN');
INSERT INTO ARBITRO VALUES('ANTONY TAYLOR');
INSERT INTO ARBITRO VALUES('OLIVER M.');
INSERT INTO ARBITRO VALUES('GUSTTAVO LIMA');
INSERT INTO ARBITRO VALUES('ESKAS E.');
INSERT INTO ARBITRO VALUES('');
INSERT INTO ARBITRO VALUES('');
INSERT INTO ARBITRO VALUES('');
INSERT INTO ARBITRO VALUES('');
INSERT INTO ARBITRO VALUES('');
INSERT INTO ARBITRO VALUES('');
INSERT INTO ARBITRO VALUES('');
INSERT INTO ARBITRO VALUES('');
